{"stats":{"minecraft:picked_up":{"minecraft:sand":2},"minecraft:mined":{"minecraft:sand":2},"minecraft:custom":{"minecraft:jump":25,"minecraft:time_since_rest":733,"minecraft:crouch_one_cm":154,"minecraft:leave_game":1,"minecraft:sprint_one_cm":1681,"minecraft:play_time":733,"minecraft:damage_taken":30,"minecraft:time_since_death":733,"minecraft:walk_one_cm":1394,"minecraft:sneak_time":84,"minecraft:total_world_time":733,"minecraft:fall_one_cm":2350,"minecraft:fly_one_cm":4359},"minecraft:used":{"minecraft:sand":2}},"DataVersion":3955}