{"stats":{"minecraft:picked_up":{"minecraft:sand":3},"minecraft:mined":{"minecraft:sand":3},"minecraft:custom":{"minecraft:jump":134,"minecraft:time_since_rest":4282,"minecraft:walk_on_water_one_cm":4627,"minecraft:deaths":1,"minecraft:damage_dealt":65,"minecraft:crouch_one_cm":176,"minecraft:play_time":8124,"minecraft:leave_game":2,"minecraft:sprint_one_cm":11642,"minecraft:damage_taken":245,"minecraft:time_since_death":4259,"minecraft:walk_one_cm":5636,"minecraft:walk_under_water_one_cm":185,"minecraft:sneak_time":140,"minecraft:climb_one_cm":75,"minecraft:total_world_time":8124,"minecraft:swim_one_cm":1376,"minecraft:fall_one_cm":7453,"minecraft:fly_one_cm":31136},"minecraft:used":{"minecraft:sand":3},"minecraft:killed_by":{"minecraft:pillager":1}},"DataVersion":3955}