{"stats":{"minecraft:mined":{"minecraft:jungle_leaves":4,"minecraft:crafting_table":4,"minecraft:torch":2,"minecraft:granite":1,"minecraft:short_grass":9,"minecraft:grass_block":6,"minecraft:jungle_log":4,"minecraft:cobblestone":9,"minecraft:wall_torch":2,"minecraft:furnace":2,"minecraft:iron_ore":7,"minecraft:andesite":8,"minecraft:oak_log":8,"minecraft:coal_ore":29,"minecraft:deepslate_iron_ore":10,"minecraft:sand":6,"minecraft:dirt":14,"minecraft:stone":91,"minecraft:oak_leaves":4,"minecraft:deepslate":66,"minecraft:fern":2},"minecraft:killed":{"minecraft:spider":1,"minecraft:zombie":4},"minecraft:broken":{"minecraft:stone_pickaxe":1},"minecraft:crafted":{"minecraft:oak_planks":32,"minecraft:crafting_table":2,"minecraft:wooden_pickaxe":1,"minecraft:cooked_chicken":4,"minecraft:furnace":1,"minecraft:stone_axe":1,"minecraft:air":0,"minecraft:jungle_planks":16,"minecraft:iron_chestplate":1,"minecraft:shield":1,"minecraft:stick":16,"minecraft:iron_ingot":12,"minecraft:iron_pickaxe":1,"minecraft:stone_pickaxe":1,"minecraft:wooden_axe":1,"minecraft:torch":28},"minecraft:picked_up":{"minecraft:crafting_table":4,"minecraft:chicken":4,"minecraft:jungle_log":4,"minecraft:andesite":8,"minecraft:wooden_pickaxe":1,"minecraft:oak_log":8,"minecraft:dirt":17,"minecraft:wheat_seeds":2,"minecraft:cobbled_deepslate":60,"minecraft:furnace":1,"minecraft:stick":1,"minecraft:raw_iron":17,"minecraft:cooked_porkchop":2,"minecraft:torch":4,"minecraft:sand":6,"minecraft:rotten_flesh":3,"minecraft:granite":1,"minecraft:coal":29,"minecraft:cobblestone":98},"minecraft:dropped":{"minecraft:cooked_chicken":2,"minecraft:rotten_flesh":1,"minecraft:oak_planks":10,"minecraft:coal":12,"minecraft:wooden_axe":1,"minecraft:wooden_pickaxe":2},"minecraft:custom":{"minecraft:interact_with_furnace":31,"minecraft:mob_kills":6,"minecraft:interact_with_crafting_table":14,"minecraft:leave_game":3,"minecraft:time_since_death":50443,"minecraft:climb_one_cm":482,"minecraft:time_since_rest":50466,"minecraft:sprint_one_cm":47395,"minecraft:damage_taken":662,"minecraft:walk_one_cm":72384,"minecraft:drop":8,"minecraft:damage_dealt":1086,"minecraft:swim_one_cm":3927,"minecraft:fly_one_cm":91199,"minecraft:crouch_one_cm":10753,"minecraft:play_time":54308,"minecraft:deaths":1,"minecraft:sneak_time":5880,"minecraft:walk_under_water_one_cm":5451,"minecraft:jump":583,"minecraft:walk_on_water_one_cm":12911,"minecraft:total_world_time":54308,"minecraft:fall_one_cm":17402},"minecraft:killed_by":{"minecraft:pillager":1},"minecraft:used":{"minecraft:stone_pickaxe":131,"minecraft:wooden_pickaxe":15,"minecraft:cooked_chicken":2,"minecraft:rotten_flesh":2,"minecraft:iron_chestplate":1,"minecraft:torch":32,"minecraft:dirt":17,"minecraft:sand":6,"minecraft:crafting_table":6,"minecraft:wooden_axe":18,"minecraft:iron_pickaxe":81,"minecraft:stone_axe":23,"minecraft:cobblestone":46,"minecraft:furnace":2,"minecraft:cooked_porkchop":2,"minecraft:andesite":8}},"DataVersion":3955}