{"stats":{"minecraft:picked_up":{"minecraft:stick":1,"minecraft:jungle_log":3,"minecraft:sand":5,"minecraft:dirt":16},"minecraft:mined":{"minecraft:short_grass":1,"minecraft:grass_block":3,"minecraft:jungle_log":3,"minecraft:sand":5,"minecraft:dirt":13,"minecraft:jungle_leaves":4},"minecraft:custom":{"minecraft:time_since_rest":20489,"minecraft:crouch_one_cm":526,"minecraft:sprint_one_cm":19122,"minecraft:play_time":24331,"minecraft:walk_one_cm":9577,"minecraft:damage_taken":285,"minecraft:deaths":1,"minecraft:sneak_time":879,"minecraft:walk_under_water_one_cm":304,"minecraft:jump":277,"minecraft:damage_dealt":65,"minecraft:leave_game":3,"minecraft:time_since_death":20466,"minecraft:walk_on_water_one_cm":7759,"minecraft:total_world_time":24331,"minecraft:climb_one_cm":341,"minecraft:swim_one_cm":3927,"minecraft:fall_one_cm":11779,"minecraft:fly_one_cm":62310},"minecraft:used":{"minecraft:dirt":16,"minecraft:sand":5},"minecraft:killed_by":{"minecraft:pillager":1}},"DataVersion":3955}