{"stats":{"minecraft:mined":{"minecraft:deepslate_diamond_ore":3,"minecraft:kelp_plant":6,"minecraft:jungle_leaves":4,"minecraft:crafting_table":6,"minecraft:torch":7,"minecraft:granite":2,"minecraft:short_grass":18,"minecraft:grass_block":6,"minecraft:jungle_log":4,"minecraft:cobblestone":15,"minecraft:kelp":1,"minecraft:wall_torch":4,"minecraft:seagrass":8,"minecraft:tall_seagrass":1,"minecraft:furnace":2,"minecraft:iron_ore":7,"minecraft:cobbled_deepslate":8,"minecraft:andesite":13,"minecraft:oak_log":16,"minecraft:coal_ore":29,"minecraft:deepslate_iron_ore":11,"minecraft:sand":6,"minecraft:dirt":14,"minecraft:stone":125,"minecraft:oak_leaves":4,"minecraft:deepslate":121,"minecraft:fern":6},"minecraft:killed":{"minecraft:pig":1,"minecraft:spider":1,"minecraft:cod":6,"minecraft:skeleton":2,"minecraft:zombie":6,"minecraft:chicken":3,"minecraft:tropical_fish":9},"minecraft:broken":{"minecraft:stone_pickaxe":1},"minecraft:crafted":{"minecraft:oak_planks":32,"minecraft:crafting_table":2,"minecraft:wooden_pickaxe":1,"minecraft:cooked_chicken":4,"minecraft:furnace":2,"minecraft:stone_axe":2,"minecraft:air":0,"minecraft:jungle_planks":16,"minecraft:iron_chestplate":1,"minecraft:diamond_pickaxe":1,"minecraft:shield":2,"minecraft:stick":20,"minecraft:iron_ingot":12,"minecraft:iron_pickaxe":1,"minecraft:stone_pickaxe":1,"minecraft:wooden_axe":1,"minecraft:torch":28},"minecraft:picked_up":{"minecraft:iron_chestplate":1,"minecraft:crafting_table":6,"minecraft:feather":4,"minecraft:chicken":7,"minecraft:jungle_log":4,"minecraft:andesite":13,"minecraft:wooden_pickaxe":1,"minecraft:tuff":1,"minecraft:oak_log":16,"minecraft:dirt":17,"minecraft:kelp":16,"minecraft:bow":1,"minecraft:wheat_seeds":5,"minecraft:cobbled_deepslate":188,"minecraft:iron_ingot":1,"minecraft:stone_pickaxe":1,"minecraft:oak_planks":8,"minecraft:egg":1,"minecraft:furnace":1,"minecraft:stick":1,"minecraft:raw_iron":21,"minecraft:cooked_porkchop":2,"minecraft:torch":12,"minecraft:porkchop":1,"minecraft:sand":7,"minecraft:arrow":5,"minecraft:rotten_flesh":4,"minecraft:diamond":11,"minecraft:tropical_fish":9,"minecraft:granite":3,"minecraft:cod":6,"minecraft:coal":29,"minecraft:cobblestone":136},"minecraft:dropped":{"minecraft:cooked_chicken":2,"minecraft:raw_iron":4,"minecraft:rotten_flesh":1,"minecraft:oak_planks":10,"minecraft:coal":12,"minecraft:wooden_axe":1,"minecraft:wooden_pickaxe":2},"minecraft:custom":{"minecraft:interact_with_furnace":33,"minecraft:mob_kills":29,"minecraft:interact_with_crafting_table":22,"minecraft:leave_game":4,"minecraft:time_since_death":24086,"minecraft:climb_one_cm":762,"minecraft:time_since_rest":24110,"minecraft:sprint_one_cm":80073,"minecraft:damage_taken":945,"minecraft:walk_one_cm":108720,"minecraft:damage_blocked_by_shield":351,"minecraft:drop":12,"minecraft:damage_dealt":2408,"minecraft:swim_one_cm":56360,"minecraft:fly_one_cm":211431,"minecraft:crouch_one_cm":13784,"minecraft:play_time":80372,"minecraft:deaths":2,"minecraft:sneak_time":8222,"minecraft:walk_under_water_one_cm":29241,"minecraft:jump":1044,"minecraft:walk_on_water_one_cm":22031,"minecraft:total_world_time":80372,"minecraft:fall_one_cm":24788},"minecraft:killed_by":{"minecraft:skeleton":1,"minecraft:pillager":1},"minecraft:used":{"minecraft:tropical_fish":9,"minecraft:stone_pickaxe":148,"minecraft:wooden_pickaxe":15,"minecraft:shield":7,"minecraft:cooked_chicken":2,"minecraft:rotten_flesh":3,"minecraft:iron_chestplate":2,"minecraft:torch":40,"minecraft:dirt":17,"minecraft:sand":6,"minecraft:crafting_table":8,"minecraft:cod":6,"minecraft:tuff":1,"minecraft:granite":2,"minecraft:wooden_axe":18,"minecraft:diamond_pickaxe":98,"minecraft:iron_pickaxe":89,"minecraft:stone_axe":99,"minecraft:cobblestone":91,"minecraft:furnace":3,"minecraft:cooked_porkchop":2,"minecraft:andesite":11,"minecraft:cobbled_deepslate":117}},"DataVersion":3955}