{"stats":{"minecraft:mined":{"minecraft:iron_ore":6,"minecraft:jungle_leaves":4,"minecraft:andesite":8,"minecraft:torch":1,"minecraft:crafting_table":2,"minecraft:granite":1,"minecraft:short_grass":9,"minecraft:coal_ore":29,"minecraft:grass_block":6,"minecraft:oak_log":8,"minecraft:jungle_log":4,"minecraft:dirt":14,"minecraft:sand":6,"minecraft:cobblestone":6,"minecraft:stone":90,"minecraft:oak_leaves":4,"minecraft:wall_torch":2,"minecraft:fern":2},"minecraft:killed":{"minecraft:zombie":3,"minecraft:spider":1},"minecraft:crafted":{"minecraft:oak_planks":32,"minecraft:crafting_table":1,"minecraft:stick":12,"minecraft:cooked_chicken":4,"minecraft:wooden_pickaxe":1,"minecraft:stone_pickaxe":1,"minecraft:wooden_axe":1,"minecraft:torch":20,"minecraft:stone_axe":1,"minecraft:air":0,"minecraft:jungle_planks":16},"minecraft:picked_up":{"minecraft:raw_iron":6,"minecraft:stick":1,"minecraft:crafting_table":2,"minecraft:chicken":4,"minecraft:cooked_porkchop":2,"minecraft:andesite":8,"minecraft:jungle_log":4,"minecraft:torch":3,"minecraft:wooden_pickaxe":1,"minecraft:sand":6,"minecraft:oak_log":8,"minecraft:dirt":17,"minecraft:rotten_flesh":2,"minecraft:wheat_seeds":2,"minecraft:granite":1,"minecraft:coal":29,"minecraft:cobblestone":94},"minecraft:dropped":{"minecraft:cooked_chicken":2,"minecraft:wooden_axe":1,"minecraft:rotten_flesh":1,"minecraft:wooden_pickaxe":2,"minecraft:coal":12},"minecraft:custom":{"minecraft:time_since_rest":38466,"minecraft:interact_with_furnace":4,"minecraft:sprint_one_cm":32208,"minecraft:damage_taken":642,"minecraft:walk_one_cm":43368,"minecraft:mob_kills":5,"minecraft:drop":7,"minecraft:damage_dealt":1019,"minecraft:swim_one_cm":3927,"minecraft:interact_with_crafting_table":6,"minecraft:fly_one_cm":83414,"minecraft:crouch_one_cm":9211,"minecraft:play_time":42308,"minecraft:deaths":1,"minecraft:sneak_time":5222,"minecraft:walk_under_water_one_cm":5451,"minecraft:jump":454,"minecraft:leave_game":3,"minecraft:time_since_death":38443,"minecraft:walk_on_water_one_cm":12911,"minecraft:climb_one_cm":482,"minecraft:total_world_time":42308,"minecraft:fall_one_cm":15964},"minecraft:killed_by":{"minecraft:pillager":1},"minecraft:used":{"minecraft:wooden_axe":18,"minecraft:stone_pickaxe":129,"minecraft:wooden_pickaxe":15,"minecraft:cooked_chicken":2,"minecraft:rotten_flesh":1,"minecraft:stone_axe":20,"minecraft:torch":17,"minecraft:cobblestone":28,"minecraft:dirt":17,"minecraft:sand":6,"minecraft:crafting_table":3,"minecraft:cooked_porkchop":2,"minecraft:andesite":8}},"DataVersion":3955}