{"stats":{"minecraft:mined":{"minecraft:jungle_leaves":4,"minecraft:crafting_table":2,"minecraft:short_grass":9,"minecraft:coal_ore":2,"minecraft:grass_block":4,"minecraft:oak_log":8,"minecraft:jungle_log":4,"minecraft:dirt":13,"minecraft:sand":6,"minecraft:stone":10,"minecraft:oak_leaves":4,"minecraft:fern":2},"minecraft:crafted":{"minecraft:oak_planks":32,"minecraft:crafting_table":1,"minecraft:stick":8,"minecraft:wooden_pickaxe":1,"minecraft:stone_pickaxe":1,"minecraft:wooden_axe":1,"minecraft:torch":8,"minecraft:jungle_planks":16},"minecraft:picked_up":{"minecraft:stick":1,"minecraft:crafting_table":2,"minecraft:jungle_log":4,"minecraft:sand":6,"minecraft:oak_log":8,"minecraft:dirt":17,"minecraft:wheat_seeds":2,"minecraft:coal":2,"minecraft:cobblestone":10},"minecraft:custom":{"minecraft:time_since_rest":26466,"minecraft:sprint_one_cm":23939,"minecraft:damage_taken":415,"minecraft:walk_one_cm":16331,"minecraft:damage_dealt":155,"minecraft:swim_one_cm":3927,"minecraft:interact_with_crafting_table":5,"minecraft:fly_one_cm":77595,"minecraft:crouch_one_cm":3134,"minecraft:play_time":30308,"minecraft:deaths":1,"minecraft:sneak_time":2089,"minecraft:walk_under_water_one_cm":3032,"minecraft:jump":353,"minecraft:leave_game":3,"minecraft:time_since_death":26443,"minecraft:walk_on_water_one_cm":9660,"minecraft:climb_one_cm":482,"minecraft:total_world_time":30308,"minecraft:fall_one_cm":14381},"minecraft:killed_by":{"minecraft:pillager":1},"minecraft:used":{"minecraft:wooden_axe":18,"minecraft:wooden_pickaxe":15,"minecraft:torch":1,"minecraft:dirt":17,"minecraft:sand":6,"minecraft:crafting_table":2}},"DataVersion":3955}