{"stats":{"minecraft:mined":{"minecraft:deepslate_diamond_ore":3,"minecraft:jungle_leaves":4,"minecraft:crafting_table":5,"minecraft:torch":2,"minecraft:granite":2,"minecraft:short_grass":9,"minecraft:grass_block":6,"minecraft:jungle_log":4,"minecraft:cobblestone":15,"minecraft:wall_torch":2,"minecraft:furnace":2,"minecraft:iron_ore":7,"minecraft:cobbled_deepslate":4,"minecraft:andesite":8,"minecraft:oak_log":8,"minecraft:coal_ore":29,"minecraft:deepslate_iron_ore":11,"minecraft:sand":6,"minecraft:dirt":14,"minecraft:stone":91,"minecraft:oak_leaves":4,"minecraft:deepslate":84,"minecraft:fern":2},"minecraft:killed":{"minecraft:spider":1,"minecraft:skeleton":1,"minecraft:zombie":6},"minecraft:broken":{"minecraft:stone_pickaxe":1},"minecraft:crafted":{"minecraft:oak_planks":32,"minecraft:crafting_table":2,"minecraft:wooden_pickaxe":1,"minecraft:cooked_chicken":4,"minecraft:furnace":1,"minecraft:stone_axe":2,"minecraft:air":0,"minecraft:jungle_planks":16,"minecraft:iron_chestplate":1,"minecraft:diamond_pickaxe":1,"minecraft:shield":2,"minecraft:stick":20,"minecraft:iron_ingot":12,"minecraft:iron_pickaxe":1,"minecraft:stone_pickaxe":1,"minecraft:wooden_axe":1,"minecraft:torch":28},"minecraft:picked_up":{"minecraft:iron_chestplate":1,"minecraft:crafting_table":5,"minecraft:chicken":4,"minecraft:jungle_log":4,"minecraft:andesite":8,"minecraft:wooden_pickaxe":1,"minecraft:tuff":1,"minecraft:oak_log":8,"minecraft:dirt":17,"minecraft:wheat_seeds":2,"minecraft:cobbled_deepslate":147,"minecraft:iron_ingot":1,"minecraft:stone_pickaxe":1,"minecraft:oak_planks":8,"minecraft:furnace":1,"minecraft:stick":1,"minecraft:raw_iron":21,"minecraft:cooked_porkchop":2,"minecraft:torch":4,"minecraft:sand":6,"minecraft:arrow":2,"minecraft:rotten_flesh":4,"minecraft:diamond":11,"minecraft:granite":3,"minecraft:coal":29,"minecraft:cobblestone":102},"minecraft:dropped":{"minecraft:cooked_chicken":2,"minecraft:raw_iron":4,"minecraft:rotten_flesh":1,"minecraft:oak_planks":10,"minecraft:coal":12,"minecraft:wooden_axe":1,"minecraft:wooden_pickaxe":2},"minecraft:custom":{"minecraft:interact_with_furnace":32,"minecraft:mob_kills":9,"minecraft:interact_with_crafting_table":21,"minecraft:leave_game":4,"minecraft:time_since_death":12109,"minecraft:climb_one_cm":482,"minecraft:time_since_rest":12133,"minecraft:sprint_one_cm":71063,"minecraft:damage_taken":904,"minecraft:walk_one_cm":99914,"minecraft:damage_blocked_by_shield":321,"minecraft:drop":12,"minecraft:damage_dealt":1687,"minecraft:swim_one_cm":3927,"minecraft:fly_one_cm":190151,"minecraft:crouch_one_cm":13782,"minecraft:play_time":68395,"minecraft:deaths":2,"minecraft:sneak_time":7970,"minecraft:walk_under_water_one_cm":6113,"minecraft:jump":834,"minecraft:walk_on_water_one_cm":13366,"minecraft:total_world_time":68395,"minecraft:fall_one_cm":22489},"minecraft:killed_by":{"minecraft:skeleton":1,"minecraft:pillager":1},"minecraft:used":{"minecraft:stone_pickaxe":148,"minecraft:shield":6,"minecraft:wooden_pickaxe":15,"minecraft:cooked_chicken":2,"minecraft:rotten_flesh":3,"minecraft:iron_chestplate":2,"minecraft:torch":32,"minecraft:dirt":17,"minecraft:sand":6,"minecraft:crafting_table":6,"minecraft:tuff":1,"minecraft:granite":2,"minecraft:wooden_axe":18,"minecraft:diamond_pickaxe":13,"minecraft:iron_pickaxe":89,"minecraft:stone_axe":30,"minecraft:cobblestone":70,"minecraft:furnace":2,"minecraft:cooked_porkchop":2,"minecraft:andesite":8,"minecraft:cobbled_deepslate":56}},"DataVersion":3955}