{"stats":{"minecraft:mined":{"minecraft:white_bed":1,"minecraft:deepslate_diamond_ore":3,"minecraft:kelp_plant":6,"minecraft:dark_oak_log":1,"minecraft:jungle_leaves":4,"minecraft:crafting_table":8,"minecraft:torch":7,"minecraft:dark_oak_fence":4,"minecraft:granite":2,"minecraft:short_grass":24,"minecraft:grass_block":6,"minecraft:chest":1,"minecraft:jungle_log":4,"minecraft:cobblestone":25,"minecraft:oak_planks":1,"minecraft:kelp":1,"minecraft:wall_torch":5,"minecraft:seagrass":8,"minecraft:tall_seagrass":1,"minecraft:furnace":4,"minecraft:iron_ore":7,"minecraft:cobbled_deepslate":8,"minecraft:andesite":13,"minecraft:oak_log":39,"minecraft:coal_ore":29,"minecraft:vine":2,"minecraft:deepslate_iron_ore":11,"minecraft:sand":6,"minecraft:dirt":14,"minecraft:stone":125,"minecraft:white_wool":6,"minecraft:oak_leaves":10,"minecraft:deepslate":121,"minecraft:fern":8},"minecraft:killed":{"minecraft:pig":1,"minecraft:spider":1,"minecraft:cod":6,"minecraft:skeleton":2,"minecraft:pillager":3,"minecraft:zombie":6,"minecraft:chicken":3,"minecraft:tropical_fish":9},"minecraft:broken":{"minecraft:stone_pickaxe":1,"minecraft:stone_axe":1},"minecraft:crafted":{"minecraft:oak_planks":124,"minecraft:cooked_porkchop":1,"minecraft:crafting_table":2,"minecraft:dried_kelp":16,"minecraft:wooden_pickaxe":1,"minecraft:cooked_chicken":7,"minecraft:furnace":3,"minecraft:stone_axe":2,"minecraft:air":0,"minecraft:jungle_planks":16,"minecraft:charcoal":7,"minecraft:iron_chestplate":1,"minecraft:diamond_pickaxe":1,"minecraft:shield":2,"minecraft:stick":20,"minecraft:iron_ingot":12,"minecraft:iron_pickaxe":1,"minecraft:stone_pickaxe":1,"minecraft:wooden_axe":1,"minecraft:white_bed":1,"minecraft:torch":28},"minecraft:picked_up":{"minecraft:iron_chestplate":1,"minecraft:crafting_table":8,"minecraft:feather":4,"minecraft:chicken":7,"minecraft:jungle_log":4,"minecraft:andesite":13,"minecraft:wooden_pickaxe":1,"minecraft:tuff":1,"minecraft:oak_log":39,"minecraft:dirt":17,"minecraft:apple":2,"minecraft:kelp":16,"minecraft:bow":1,"minecraft:wheat_seeds":6,"minecraft:cobbled_deepslate":188,"minecraft:iron_ingot":1,"minecraft:stone_pickaxe":1,"minecraft:chest":1,"minecraft:oak_planks":9,"minecraft:egg":1,"minecraft:furnace":3,"minecraft:stick":1,"minecraft:raw_iron":21,"minecraft:cooked_porkchop":2,"minecraft:torch":13,"minecraft:porkchop":1,"minecraft:sand":7,"minecraft:white_bed":1,"minecraft:dark_oak_log":1,"minecraft:arrow":5,"minecraft:rotten_flesh":4,"minecraft:diamond":11,"minecraft:tropical_fish":9,"minecraft:granite":3,"minecraft:oak_sapling":1,"minecraft:dark_oak_fence":4,"minecraft:cod":6,"minecraft:coal":29,"minecraft:white_wool":6,"minecraft:cobblestone":146},"minecraft:dropped":{"minecraft:cooked_chicken":2,"minecraft:raw_iron":4,"minecraft:rotten_flesh":1,"minecraft:oak_planks":10,"minecraft:coal":12,"minecraft:wooden_axe":1,"minecraft:wooden_pickaxe":2},"minecraft:custom":{"minecraft:interact_with_furnace":60,"minecraft:mob_kills":32,"minecraft:interact_with_crafting_table":27,"minecraft:sleep_in_bed":2,"minecraft:leave_game":4,"minecraft:time_since_death":36086,"minecraft:climb_one_cm":1272,"minecraft:time_since_rest":268,"minecraft:sprint_one_cm":98726,"minecraft:damage_taken":1039,"minecraft:walk_one_cm":132216,"minecraft:damage_blocked_by_shield":800,"minecraft:drop":12,"minecraft:damage_dealt":3037,"minecraft:swim_one_cm":59248,"minecraft:fly_one_cm":248394,"minecraft:open_chest":1,"minecraft:crouch_one_cm":15533,"minecraft:play_time":92372,"minecraft:deaths":2,"minecraft:sneak_time":8636,"minecraft:walk_under_water_one_cm":29766,"minecraft:jump":1220,"minecraft:walk_on_water_one_cm":23543,"minecraft:total_world_time":92372,"minecraft:fall_one_cm":30428},"minecraft:killed_by":{"minecraft:skeleton":1,"minecraft:pillager":1},"minecraft:used":{"minecraft:tropical_fish":9,"minecraft:stone_pickaxe":148,"minecraft:dried_kelp":3,"minecraft:oak_planks":26,"minecraft:wooden_pickaxe":15,"minecraft:shield":27,"minecraft:cooked_chicken":2,"minecraft:rotten_flesh":3,"minecraft:iron_chestplate":2,"minecraft:torch":41,"minecraft:dirt":17,"minecraft:sand":7,"minecraft:crafting_table":9,"minecraft:white_bed":1,"minecraft:cod":6,"minecraft:tuff":1,"minecraft:granite":2,"minecraft:wooden_axe":18,"minecraft:diamond_pickaxe":111,"minecraft:iron_pickaxe":89,"minecraft:stone_axe":153,"minecraft:bow":5,"minecraft:cobblestone":97,"minecraft:oak_sapling":1,"minecraft:furnace":4,"minecraft:cooked_porkchop":3,"minecraft:andesite":13,"minecraft:egg":1,"minecraft:cobbled_deepslate":117}},"DataVersion":3955}