{"stats":{"minecraft:mined":{"minecraft:white_bed":1,"minecraft:deepslate_diamond_ore":7,"minecraft:mangrove_roots":1,"minecraft:glow_lichen":2,"minecraft:granite":10,"minecraft:grass_block":13,"minecraft:jungle_log":32,"minecraft:kelp":6,"minecraft:furnace":11,"minecraft:iron_ore":27,"minecraft:cobbled_deepslate":11,"minecraft:andesite":8,"minecraft:deepslate_iron_ore":5,"minecraft:vine":15,"minecraft:stone":117,"minecraft:white_wool":4,"minecraft:kelp_plant":4,"minecraft:crafting_table":14,"minecraft:torch":7,"minecraft:short_grass":16,"minecraft:dead_bush":13,"minecraft:cobblestone":15,"minecraft:lapis_ore":1,"minecraft:deepslate_gold_ore":8,"minecraft:sugar_cane":33,"minecraft:diorite":3,"minecraft:wall_torch":7,"minecraft:coarse_dirt":2,"minecraft:mud":1,"minecraft:coal_ore":23,"minecraft:oak_log":10,"minecraft:gravel":3,"minecraft:sand":5,"minecraft:dirt":17,"minecraft:oak_leaves":1,"minecraft:deepslate":113,"minecraft:fern":6},"minecraft:killed":{"minecraft:skeleton":1,"minecraft:chicken":5,"minecraft:drowned":1,"minecraft:tropical_fish":1,"minecraft:pig":3,"minecraft:rabbit":2,"minecraft:creeper":1,"minecraft:pillager":2,"minecraft:zombie":1},"minecraft:broken":{"minecraft:iron_pickaxe":1},"minecraft:crafted":{"minecraft:oak_planks":8,"minecraft:cooked_chicken":1,"minecraft:furnace":2,"minecraft:iron_axe":1,"minecraft:stone_pickaxe":1,"minecraft:cooked_rabbit":2,"minecraft:cooked_porkchop":4,"minecraft:crafting_table":2,"minecraft:jungle_boat":1,"minecraft:dried_kelp":36,"minecraft:muddy_mangrove_roots":1,"minecraft:wooden_pickaxe":1,"minecraft:iron_helmet":1,"minecraft:bucket":2,"minecraft:stone_axe":1,"minecraft:air":0,"minecraft:jungle_planks":76,"minecraft:iron_chestplate":1,"minecraft:diamond_pickaxe":1,"minecraft:charcoal":19,"minecraft:shield":1,"minecraft:stick":28,"minecraft:iron_ingot":37,"minecraft:iron_pickaxe":2,"minecraft:iron_leggings":1,"minecraft:iron_shovel":1,"minecraft:gold_ingot":6,"minecraft:white_bed":1,"minecraft:torch":80},"minecraft:picked_up":{"minecraft:mud":1,"minecraft:charcoal":17,"minecraft:crafting_table":14,"minecraft:coarse_dirt":2,"minecraft:chicken":5,"minecraft:string":2,"minecraft:cobbled_deepslate":143,"minecraft:jungle_sapling":2,"minecraft:sugar_cane":70,"minecraft:furnace":12,"minecraft:raw_iron":43,"minecraft:stick":13,"minecraft:torch":14,"minecraft:porkchop":4,"minecraft:dried_kelp":2,"minecraft:diorite":3,"minecraft:rotten_flesh":5,"minecraft:arrow":4,"minecraft:tropical_fish":1,"minecraft:mangrove_roots":1,"minecraft:gold_ingot":2,"minecraft:white_wool":4,"minecraft:cobblestone":162,"minecraft:jungle_boat":1,"minecraft:feather":5,"minecraft:andesite":8,"minecraft:jungle_log":32,"minecraft:tuff":1,"minecraft:oak_log":10,"minecraft:gunpowder":2,"minecraft:lapis_lazuli":6,"minecraft:dirt":33,"minecraft:apple":1,"minecraft:kelp":68,"minecraft:wheat_seeds":5,"minecraft:raw_gold":8,"minecraft:rabbit_hide":1,"minecraft:iron_ingot":2,"minecraft:cooked_chicken":2,"minecraft:rabbit":2,"minecraft:oak_planks":20,"minecraft:gravel":4,"minecraft:sand":6,"minecraft:white_bed":1,"minecraft:diamond":12,"minecraft:granite":10,"minecraft:oak_sapling":4,"minecraft:coal":80},"minecraft:custom":{"minecraft:mob_kills":18,"minecraft:interact_with_crafting_table":24,"minecraft:leave_game":3,"minecraft:time_since_death":83656,"minecraft:climb_one_cm":1309,"minecraft:sprint_one_cm":198913,"minecraft:walk_one_cm":103420,"minecraft:damage_blocked_by_shield":232,"minecraft:drop":35,"minecraft:play_time":83656,"minecraft:sneak_time":4006,"minecraft:walk_under_water_one_cm":32671,"minecraft:boat_one_cm":4715,"minecraft:jump":1047,"minecraft:walk_on_water_one_cm":12722,"minecraft:total_world_time":83656,"minecraft:interact_with_furnace":109,"minecraft:sleep_in_bed":1,"minecraft:time_since_rest":7949,"minecraft:damage_taken":666,"minecraft:damage_dealt":2629,"minecraft:swim_one_cm":5575,"minecraft:fly_one_cm":98294,"minecraft:crouch_one_cm":5257,"minecraft:fall_one_cm":17657},"minecraft:dropped":{"minecraft:iron_ingot":1,"minecraft:wheat_seeds":5,"minecraft:diamond":8,"minecraft:cooked_porkchop":2,"minecraft:apple":1,"minecraft:tropical_fish":1,"minecraft:stick":2,"minecraft:sand":2,"minecraft:chicken":4,"minecraft:rotten_flesh":1,"minecraft:oak_planks":8,"minecraft:arrow":4,"minecraft:stone_pickaxe":1},"minecraft:used":{"minecraft:iron_shovel":26,"minecraft:dried_kelp":38,"minecraft:shield":8,"minecraft:cooked_chicken":3,"minecraft:rotten_flesh":4,"minecraft:iron_chestplate":1,"minecraft:torch":77,"minecraft:dirt":27,"minecraft:tuff":1,"minecraft:granite":10,"minecraft:jungle_sapling":2,"minecraft:lava_bucket":2,"minecraft:muddy_mangrove_roots":1,"minecraft:iron_axe":62,"minecraft:iron_helmet":1,"minecraft:oak_sapling":4,"minecraft:furnace":12,"minecraft:cobbled_deepslate":141,"minecraft:iron_leggings":1,"minecraft:water_bucket":11,"minecraft:diorite":3,"minecraft:stone_pickaxe":105,"minecraft:wooden_pickaxe":9,"minecraft:jungle_boat":1,"minecraft:sand":1,"minecraft:crafting_table":14,"minecraft:white_bed":1,"minecraft:diamond_pickaxe":2,"minecraft:iron_pickaxe":249,"minecraft:gravel":4,"minecraft:stone_axe":49,"minecraft:cobblestone":142,"minecraft:cooked_porkchop":2,"minecraft:bucket":15,"minecraft:cooked_rabbit":2,"minecraft:andesite":8}},"DataVersion":3955}