{"stats":{"minecraft:mined":{"minecraft:mud":1,"minecraft:iron_ore":4,"minecraft:mangrove_roots":1,"minecraft:crafting_table":3,"minecraft:short_grass":9,"minecraft:grass_block":3,"minecraft:vine":1,"minecraft:jungle_log":4,"minecraft:dead_bush":12,"minecraft:dirt":6,"minecraft:stone":29,"minecraft:sugar_cane":33,"minecraft:diorite":1,"minecraft:fern":5},"minecraft:killed":{"minecraft:pig":3,"minecraft:chicken":4},"minecraft:crafted":{"minecraft:cooked_porkchop":4,"minecraft:crafting_table":1,"minecraft:stick":4,"minecraft:iron_ingot":1,"minecraft:muddy_mangrove_roots":1,"minecraft:wooden_pickaxe":1,"minecraft:stone_pickaxe":1,"minecraft:furnace":1,"minecraft:stone_axe":1,"minecraft:air":0,"minecraft:jungle_planks":16},"minecraft:picked_up":{"minecraft:raw_iron":4,"minecraft:mud":1,"minecraft:stick":10,"minecraft:crafting_table":3,"minecraft:feather":4,"minecraft:chicken":4,"minecraft:jungle_log":4,"minecraft:porkchop":4,"minecraft:diorite":1,"minecraft:dirt":9,"minecraft:wheat_seeds":4,"minecraft:mangrove_roots":1,"minecraft:oak_sapling":1,"minecraft:sugar_cane":70,"minecraft:cobblestone":29},"minecraft:custom":{"minecraft:time_since_rest":9812,"minecraft:interact_with_furnace":5,"minecraft:sprint_one_cm":47075,"minecraft:walk_one_cm":13183,"minecraft:mob_kills":7,"minecraft:damage_dealt":460,"minecraft:interact_with_crafting_table":3,"minecraft:fly_one_cm":32653,"minecraft:play_time":9812,"minecraft:sneak_time":11,"minecraft:jump":153,"minecraft:walk_on_water_one_cm":1298,"minecraft:leave_game":1,"minecraft:time_since_death":9812,"minecraft:total_world_time":9812,"minecraft:fall_one_cm":3522},"minecraft:used":{"minecraft:muddy_mangrove_roots":1,"minecraft:stone_pickaxe":26,"minecraft:wooden_pickaxe":9,"minecraft:stone_axe":19,"minecraft:dirt":5,"minecraft:crafting_table":3,"minecraft:furnace":1,"minecraft:oak_sapling":1,"minecraft:cooked_porkchop":2}},"DataVersion":3955}