{"stats":{"minecraft:picked_up":{"minecraft:mud":1,"minecraft:stick":4,"minecraft:mangrove_roots":1,"minecraft:jungle_log":3,"minecraft:sugar_cane":70},"minecraft:mined":{"minecraft:vine":1,"minecraft:sugar_cane":33,"minecraft:mangrove_roots":1,"minecraft:jungle_log":3,"minecraft:dead_bush":7,"minecraft:mud":1},"minecraft:crafted":{"minecraft:muddy_mangrove_roots":1},"minecraft:custom":{"minecraft:jump":86,"minecraft:time_since_rest":3842,"minecraft:leave_game":1,"minecraft:walk_on_water_one_cm":1298,"minecraft:sprint_one_cm":25613,"minecraft:play_time":3842,"minecraft:time_since_death":3842,"minecraft:walk_one_cm":5896,"minecraft:total_world_time":3842,"minecraft:fall_one_cm":2210,"minecraft:fly_one_cm":21139},"minecraft:used":{"minecraft:muddy_mangrove_roots":1}},"DataVersion":3955}