{"stats":{"minecraft:mined":{"minecraft:mangrove_roots":1,"minecraft:crafting_table":4,"minecraft:granite":10,"minecraft:short_grass":9,"minecraft:grass_block":5,"minecraft:jungle_log":4,"minecraft:dead_bush":12,"minecraft:cobblestone":8,"minecraft:lapis_ore":1,"minecraft:sugar_cane":33,"minecraft:diorite":3,"minecraft:wall_torch":2,"minecraft:furnace":2,"minecraft:mud":1,"minecraft:iron_ore":13,"minecraft:andesite":4,"minecraft:coal_ore":21,"minecraft:vine":1,"minecraft:dirt":7,"minecraft:stone":78,"minecraft:fern":5},"minecraft:killed":{"minecraft:pig":3,"minecraft:chicken":4},"minecraft:crafted":{"minecraft:cooked_porkchop":4,"minecraft:crafting_table":1,"minecraft:wooden_pickaxe":1,"minecraft:muddy_mangrove_roots":1,"minecraft:furnace":1,"minecraft:stone_axe":1,"minecraft:air":0,"minecraft:jungle_planks":16,"minecraft:stick":4,"minecraft:iron_ingot":4,"minecraft:iron_pickaxe":1,"minecraft:stone_pickaxe":1,"minecraft:torch":24},"minecraft:picked_up":{"minecraft:mud":1,"minecraft:crafting_table":4,"minecraft:feather":4,"minecraft:chicken":4,"minecraft:jungle_log":4,"minecraft:andesite":4,"minecraft:lapis_lazuli":6,"minecraft:dirt":15,"minecraft:string":2,"minecraft:wheat_seeds":4,"minecraft:cooked_chicken":2,"minecraft:sugar_cane":70,"minecraft:furnace":2,"minecraft:stick":10,"minecraft:raw_iron":13,"minecraft:torch":2,"minecraft:porkchop":4,"minecraft:diorite":3,"minecraft:rotten_flesh":2,"minecraft:granite":10,"minecraft:mangrove_roots":1,"minecraft:oak_sapling":1,"minecraft:coal":45,"minecraft:cobblestone":95},"minecraft:dropped":{"minecraft:cooked_porkchop":2,"minecraft:chicken":4},"minecraft:custom":{"minecraft:interact_with_furnace":11,"minecraft:mob_kills":7,"minecraft:interact_with_crafting_table":4,"minecraft:leave_game":1,"minecraft:time_since_death":21812,"minecraft:time_since_rest":21812,"minecraft:sprint_one_cm":62820,"minecraft:damage_taken":159,"minecraft:walk_one_cm":30881,"minecraft:drop":6,"minecraft:damage_dealt":619,"minecraft:swim_one_cm":208,"minecraft:fly_one_cm":34867,"minecraft:crouch_one_cm":2294,"minecraft:play_time":21812,"minecraft:sneak_time":1737,"minecraft:walk_under_water_one_cm":158,"minecraft:jump":256,"minecraft:walk_on_water_one_cm":1448,"minecraft:total_world_time":21812,"minecraft:fall_one_cm":4215},"minecraft:used":{"minecraft:diorite":1,"minecraft:stone_pickaxe":105,"minecraft:wooden_pickaxe":9,"minecraft:cooked_chicken":1,"minecraft:torch":18,"minecraft:dirt":5,"minecraft:crafting_table":4,"minecraft:granite":4,"minecraft:muddy_mangrove_roots":1,"minecraft:iron_pickaxe":28,"minecraft:stone_axe":24,"minecraft:cobblestone":68,"minecraft:oak_sapling":1,"minecraft:furnace":3,"minecraft:cooked_porkchop":2}},"DataVersion":3955}