{"stats":{"minecraft:mined":{"minecraft:deepslate_diamond_ore":7,"minecraft:kelp_plant":4,"minecraft:mangrove_roots":1,"minecraft:torch":7,"minecraft:crafting_table":10,"minecraft:glow_lichen":2,"minecraft:granite":10,"minecraft:short_grass":9,"minecraft:grass_block":5,"minecraft:jungle_log":4,"minecraft:dead_bush":12,"minecraft:cobblestone":15,"minecraft:deepslate_gold_ore":8,"minecraft:lapis_ore":1,"minecraft:sugar_cane":33,"minecraft:kelp":6,"minecraft:diorite":3,"minecraft:wall_torch":7,"minecraft:furnace":8,"minecraft:mud":1,"minecraft:iron_ore":27,"minecraft:cobbled_deepslate":11,"minecraft:andesite":8,"minecraft:oak_log":2,"minecraft:coal_ore":23,"minecraft:vine":2,"minecraft:deepslate_iron_ore":5,"minecraft:sand":1,"minecraft:dirt":9,"minecraft:stone":112,"minecraft:deepslate":113,"minecraft:fern":5},"minecraft:killed":{"minecraft:pig":3,"minecraft:creeper":1,"minecraft:skeleton":1,"minecraft:zombie":1,"minecraft:chicken":5,"minecraft:drowned":1,"minecraft:tropical_fish":1},"minecraft:crafted":{"minecraft:oak_planks":8,"minecraft:cooked_porkchop":4,"minecraft:crafting_table":2,"minecraft:cooked_chicken":1,"minecraft:dried_kelp":6,"minecraft:muddy_mangrove_roots":1,"minecraft:wooden_pickaxe":1,"minecraft:furnace":2,"minecraft:bucket":2,"minecraft:stone_axe":1,"minecraft:air":0,"minecraft:jungle_planks":16,"minecraft:iron_chestplate":1,"minecraft:diamond_pickaxe":1,"minecraft:shield":1,"minecraft:stick":20,"minecraft:iron_ingot":29,"minecraft:iron_pickaxe":1,"minecraft:stone_pickaxe":1,"minecraft:iron_leggings":1,"minecraft:torch":80},"minecraft:picked_up":{"minecraft:mud":1,"minecraft:crafting_table":10,"minecraft:feather":5,"minecraft:chicken":5,"minecraft:jungle_log":4,"minecraft:andesite":8,"minecraft:tuff":1,"minecraft:oak_log":2,"minecraft:gunpowder":2,"minecraft:lapis_lazuli":6,"minecraft:string":2,"minecraft:dirt":17,"minecraft:kelp":68,"minecraft:wheat_seeds":4,"minecraft:cobbled_deepslate":143,"minecraft:raw_gold":8,"minecraft:iron_ingot":2,"minecraft:cooked_chicken":2,"minecraft:sugar_cane":70,"minecraft:oak_planks":20,"minecraft:furnace":9,"minecraft:stick":12,"minecraft:raw_iron":43,"minecraft:torch":14,"minecraft:sand":2,"minecraft:gravel":1,"minecraft:porkchop":4,"minecraft:dried_kelp":2,"minecraft:diorite":3,"minecraft:tropical_fish":1,"minecraft:arrow":4,"minecraft:rotten_flesh":5,"minecraft:diamond":12,"minecraft:granite":10,"minecraft:mangrove_roots":1,"minecraft:oak_sapling":1,"minecraft:coal":80,"minecraft:cobblestone":157},"minecraft:custom":{"minecraft:interact_with_furnace":61,"minecraft:mob_kills":14,"minecraft:interact_with_crafting_table":17,"minecraft:leave_game":2,"minecraft:time_since_death":64379,"minecraft:climb_one_cm":751,"minecraft:time_since_rest":64379,"minecraft:sprint_one_cm":124832,"minecraft:damage_taken":408,"minecraft:walk_one_cm":78373,"minecraft:damage_blocked_by_shield":177,"minecraft:drop":32,"minecraft:damage_dealt":2056,"minecraft:swim_one_cm":5062,"minecraft:fly_one_cm":47132,"minecraft:crouch_one_cm":4152,"minecraft:play_time":64379,"minecraft:sneak_time":3583,"minecraft:walk_under_water_one_cm":32503,"minecraft:jump":730,"minecraft:walk_on_water_one_cm":8412,"minecraft:total_world_time":64379,"minecraft:fall_one_cm":8362},"minecraft:dropped":{"minecraft:iron_ingot":1,"minecraft:diamond":8,"minecraft:cooked_porkchop":2,"minecraft:chicken":4,"minecraft:oak_planks":8,"minecraft:tropical_fish":1,"minecraft:stick":2,"minecraft:sand":2,"minecraft:arrow":4,"minecraft:stone_pickaxe":1},"minecraft:used":{"minecraft:diorite":3,"minecraft:stone_pickaxe":105,"minecraft:dried_kelp":8,"minecraft:wooden_pickaxe":9,"minecraft:shield":6,"minecraft:cooked_chicken":3,"minecraft:rotten_flesh":4,"minecraft:iron_chestplate":1,"minecraft:torch":77,"minecraft:dirt":17,"minecraft:crafting_table":11,"minecraft:tuff":1,"minecraft:granite":10,"minecraft:diamond_pickaxe":2,"minecraft:lava_bucket":1,"minecraft:muddy_mangrove_roots":1,"minecraft:iron_pickaxe":241,"minecraft:stone_axe":49,"minecraft:cobblestone":102,"minecraft:furnace":10,"minecraft:oak_sapling":1,"minecraft:cooked_porkchop":2,"minecraft:bucket":3,"minecraft:cobbled_deepslate":140,"minecraft:iron_leggings":1}},"DataVersion":3955}