{"stats":{"minecraft:mined":{"minecraft:white_bed":1,"minecraft:deepslate_diamond_ore":7,"minecraft:kelp_plant":4,"minecraft:mangrove_roots":1,"minecraft:torch":7,"minecraft:crafting_table":13,"minecraft:glow_lichen":2,"minecraft:granite":10,"minecraft:short_grass":15,"minecraft:grass_block":5,"minecraft:jungle_log":32,"minecraft:dead_bush":12,"minecraft:cobblestone":15,"minecraft:deepslate_gold_ore":8,"minecraft:lapis_ore":1,"minecraft:sugar_cane":33,"minecraft:kelp":6,"minecraft:diorite":3,"minecraft:wall_torch":7,"minecraft:furnace":10,"minecraft:mud":1,"minecraft:iron_ore":27,"minecraft:cobbled_deepslate":11,"minecraft:andesite":8,"minecraft:oak_log":10,"minecraft:coal_ore":23,"minecraft:vine":15,"minecraft:deepslate_iron_ore":5,"minecraft:sand":1,"minecraft:dirt":9,"minecraft:stone":112,"minecraft:white_wool":4,"minecraft:oak_leaves":1,"minecraft:deepslate":113,"minecraft:fern":6},"minecraft:killed":{"minecraft:pig":3,"minecraft:creeper":1,"minecraft:skeleton":1,"minecraft:pillager":2,"minecraft:zombie":1,"minecraft:chicken":5,"minecraft:drowned":1,"minecraft:tropical_fish":1},"minecraft:crafted":{"minecraft:oak_planks":8,"minecraft:cooked_porkchop":4,"minecraft:crafting_table":2,"minecraft:iron_helmet":1,"minecraft:cooked_chicken":1,"minecraft:dried_kelp":36,"minecraft:muddy_mangrove_roots":1,"minecraft:wooden_pickaxe":1,"minecraft:furnace":2,"minecraft:bucket":2,"minecraft:stone_axe":1,"minecraft:air":0,"minecraft:jungle_planks":76,"minecraft:charcoal":19,"minecraft:iron_chestplate":1,"minecraft:diamond_pickaxe":1,"minecraft:shield":1,"minecraft:iron_axe":1,"minecraft:stick":28,"minecraft:iron_ingot":37,"minecraft:iron_pickaxe":2,"minecraft:stone_pickaxe":1,"minecraft:white_bed":1,"minecraft:gold_ingot":6,"minecraft:iron_shovel":1,"minecraft:iron_leggings":1,"minecraft:torch":80},"minecraft:picked_up":{"minecraft:charcoal":6,"minecraft:mud":1,"minecraft:crafting_table":13,"minecraft:feather":5,"minecraft:chicken":5,"minecraft:jungle_log":32,"minecraft:andesite":8,"minecraft:tuff":1,"minecraft:oak_log":10,"minecraft:gunpowder":2,"minecraft:lapis_lazuli":6,"minecraft:string":2,"minecraft:dirt":17,"minecraft:apple":1,"minecraft:kelp":68,"minecraft:wheat_seeds":5,"minecraft:cobbled_deepslate":143,"minecraft:raw_gold":8,"minecraft:iron_ingot":2,"minecraft:cooked_chicken":2,"minecraft:jungle_sapling":2,"minecraft:sugar_cane":70,"minecraft:oak_planks":20,"minecraft:furnace":11,"minecraft:stick":12,"minecraft:raw_iron":43,"minecraft:torch":14,"minecraft:sand":2,"minecraft:gravel":1,"minecraft:porkchop":4,"minecraft:dried_kelp":2,"minecraft:diorite":3,"minecraft:white_bed":1,"minecraft:tropical_fish":1,"minecraft:arrow":4,"minecraft:rotten_flesh":5,"minecraft:diamond":12,"minecraft:granite":10,"minecraft:gold_ingot":2,"minecraft:mangrove_roots":1,"minecraft:oak_sapling":4,"minecraft:coal":80,"minecraft:white_wool":4,"minecraft:cobblestone":157},"minecraft:custom":{"minecraft:interact_with_furnace":104,"minecraft:mob_kills":16,"minecraft:interact_with_crafting_table":23,"minecraft:leave_game":2,"minecraft:time_since_death":76379,"minecraft:sleep_in_bed":1,"minecraft:climb_one_cm":1309,"minecraft:time_since_rest":672,"minecraft:sprint_one_cm":168291,"minecraft:damage_taken":536,"minecraft:walk_one_cm":92654,"minecraft:damage_blocked_by_shield":232,"minecraft:drop":35,"minecraft:damage_dealt":2565,"minecraft:swim_one_cm":5062,"minecraft:fly_one_cm":79772,"minecraft:crouch_one_cm":4152,"minecraft:play_time":76379,"minecraft:sneak_time":3587,"minecraft:walk_under_water_one_cm":32605,"minecraft:jump":914,"minecraft:walk_on_water_one_cm":9387,"minecraft:total_world_time":76379,"minecraft:fall_one_cm":13285},"minecraft:dropped":{"minecraft:iron_ingot":1,"minecraft:wheat_seeds":5,"minecraft:diamond":8,"minecraft:cooked_porkchop":2,"minecraft:chicken":4,"minecraft:rotten_flesh":1,"minecraft:oak_planks":8,"minecraft:apple":1,"minecraft:tropical_fish":1,"minecraft:stick":2,"minecraft:sand":2,"minecraft:arrow":4,"minecraft:stone_pickaxe":1},"minecraft:used":{"minecraft:water_bucket":6,"minecraft:diorite":3,"minecraft:iron_shovel":1,"minecraft:stone_pickaxe":105,"minecraft:dried_kelp":31,"minecraft:wooden_pickaxe":9,"minecraft:shield":8,"minecraft:cooked_chicken":3,"minecraft:rotten_flesh":4,"minecraft:iron_chestplate":1,"minecraft:torch":77,"minecraft:dirt":17,"minecraft:crafting_table":13,"minecraft:white_bed":1,"minecraft:tuff":1,"minecraft:granite":10,"minecraft:jungle_sapling":2,"minecraft:diamond_pickaxe":2,"minecraft:lava_bucket":2,"minecraft:iron_axe":59,"minecraft:muddy_mangrove_roots":1,"minecraft:iron_pickaxe":243,"minecraft:iron_helmet":1,"minecraft:stone_axe":49,"minecraft:cobblestone":131,"minecraft:furnace":11,"minecraft:oak_sapling":4,"minecraft:cooked_porkchop":2,"minecraft:andesite":8,"minecraft:bucket":10,"minecraft:cobbled_deepslate":140,"minecraft:iron_leggings":1}},"DataVersion":3955}