{"stats":{"minecraft:mined":{"minecraft:deepslate_diamond_ore":1,"minecraft:mangrove_roots":1,"minecraft:crafting_table":8,"minecraft:granite":10,"minecraft:short_grass":9,"minecraft:grass_block":5,"minecraft:jungle_log":4,"minecraft:dead_bush":12,"minecraft:cobblestone":11,"minecraft:lapis_ore":1,"minecraft:sugar_cane":33,"minecraft:diorite":3,"minecraft:wall_torch":2,"minecraft:furnace":5,"minecraft:mud":1,"minecraft:iron_ore":19,"minecraft:andesite":4,"minecraft:coal_ore":21,"minecraft:deepslate_iron_ore":2,"minecraft:vine":1,"minecraft:dirt":7,"minecraft:stone":79,"minecraft:deepslate":30,"minecraft:fern":5},"minecraft:killed":{"minecraft:pig":3,"minecraft:chicken":4},"minecraft:crafted":{"minecraft:cooked_porkchop":4,"minecraft:crafting_table":1,"minecraft:wooden_pickaxe":1,"minecraft:muddy_mangrove_roots":1,"minecraft:furnace":2,"minecraft:bucket":2,"minecraft:stone_axe":1,"minecraft:air":0,"minecraft:jungle_planks":16,"minecraft:iron_chestplate":1,"minecraft:shield":1,"minecraft:stick":8,"minecraft:iron_ingot":25,"minecraft:iron_pickaxe":1,"minecraft:stone_pickaxe":1,"minecraft:iron_leggings":1,"minecraft:torch":40},"minecraft:picked_up":{"minecraft:mud":1,"minecraft:crafting_table":8,"minecraft:feather":4,"minecraft:chicken":4,"minecraft:jungle_log":4,"minecraft:andesite":4,"minecraft:gunpowder":2,"minecraft:lapis_lazuli":6,"minecraft:dirt":15,"minecraft:string":2,"minecraft:wheat_seeds":4,"minecraft:cobbled_deepslate":33,"minecraft:iron_ingot":2,"minecraft:cooked_chicken":2,"minecraft:sugar_cane":70,"minecraft:oak_planks":10,"minecraft:furnace":6,"minecraft:stick":10,"minecraft:raw_iron":31,"minecraft:torch":2,"minecraft:porkchop":4,"minecraft:diorite":3,"minecraft:rotten_flesh":2,"minecraft:diamond":1,"minecraft:granite":10,"minecraft:mangrove_roots":1,"minecraft:oak_sapling":1,"minecraft:coal":72,"minecraft:cobblestone":100},"minecraft:dropped":{"minecraft:cooked_porkchop":2,"minecraft:chicken":4},"minecraft:custom":{"minecraft:interact_with_furnace":45,"minecraft:mob_kills":8,"minecraft:interact_with_crafting_table":14,"minecraft:leave_game":1,"minecraft:time_since_death":33812,"minecraft:time_since_rest":33812,"minecraft:sprint_one_cm":83237,"minecraft:damage_taken":208,"minecraft:walk_one_cm":52156,"minecraft:drop":6,"minecraft:damage_dealt":1042,"minecraft:swim_one_cm":208,"minecraft:fly_one_cm":37393,"minecraft:crouch_one_cm":3001,"minecraft:play_time":33812,"minecraft:sneak_time":2679,"minecraft:walk_under_water_one_cm":158,"minecraft:jump":356,"minecraft:walk_on_water_one_cm":1448,"minecraft:total_world_time":33812,"minecraft:fall_one_cm":5560},"minecraft:used":{"minecraft:diorite":1,"minecraft:stone_pickaxe":105,"minecraft:wooden_pickaxe":9,"minecraft:cooked_chicken":2,"minecraft:rotten_flesh":1,"minecraft:iron_chestplate":1,"minecraft:torch":35,"minecraft:dirt":13,"minecraft:crafting_table":7,"minecraft:granite":10,"minecraft:muddy_mangrove_roots":1,"minecraft:iron_pickaxe":74,"minecraft:stone_axe":32,"minecraft:cobblestone":80,"minecraft:oak_sapling":1,"minecraft:furnace":6,"minecraft:cooked_porkchop":2,"minecraft:bucket":1,"minecraft:iron_leggings":1}},"DataVersion":3955}