{"stats":{"minecraft:mined":{"minecraft:deepslate_diamond_ore":6,"minecraft:mangrove_roots":1,"minecraft:torch":4,"minecraft:crafting_table":10,"minecraft:glow_lichen":2,"minecraft:granite":10,"minecraft:short_grass":9,"minecraft:grass_block":5,"minecraft:jungle_log":4,"minecraft:dead_bush":12,"minecraft:cobblestone":13,"minecraft:lapis_ore":1,"minecraft:sugar_cane":33,"minecraft:diorite":3,"minecraft:wall_torch":2,"minecraft:furnace":6,"minecraft:mud":1,"minecraft:cobbled_deepslate":5,"minecraft:iron_ore":19,"minecraft:andesite":4,"minecraft:coal_ore":21,"minecraft:deepslate_iron_ore":5,"minecraft:vine":1,"minecraft:dirt":7,"minecraft:stone":79,"minecraft:deepslate":30,"minecraft:fern":5},"minecraft:killed":{"minecraft:pig":3,"minecraft:creeper":1,"minecraft:skeleton":1,"minecraft:zombie":1,"minecraft:chicken":4},"minecraft:crafted":{"minecraft:cooked_porkchop":4,"minecraft:crafting_table":1,"minecraft:wooden_pickaxe":1,"minecraft:muddy_mangrove_roots":1,"minecraft:furnace":2,"minecraft:bucket":2,"minecraft:stone_axe":1,"minecraft:air":0,"minecraft:jungle_planks":16,"minecraft:iron_chestplate":1,"minecraft:diamond_pickaxe":1,"minecraft:shield":1,"minecraft:stick":16,"minecraft:iron_ingot":26,"minecraft:iron_pickaxe":1,"minecraft:stone_pickaxe":1,"minecraft:iron_leggings":1,"minecraft:torch":64},"minecraft:picked_up":{"minecraft:mud":1,"minecraft:crafting_table":10,"minecraft:feather":4,"minecraft:chicken":4,"minecraft:jungle_log":4,"minecraft:andesite":4,"minecraft:tuff":1,"minecraft:gunpowder":2,"minecraft:lapis_lazuli":6,"minecraft:dirt":15,"minecraft:string":2,"minecraft:wheat_seeds":4,"minecraft:cobbled_deepslate":46,"minecraft:iron_ingot":2,"minecraft:cooked_chicken":2,"minecraft:sugar_cane":70,"minecraft:oak_planks":20,"minecraft:furnace":7,"minecraft:stick":12,"minecraft:raw_iron":35,"minecraft:torch":6,"minecraft:porkchop":4,"minecraft:diorite":3,"minecraft:arrow":2,"minecraft:rotten_flesh":4,"minecraft:diamond":11,"minecraft:granite":10,"minecraft:mangrove_roots":1,"minecraft:oak_sapling":1,"minecraft:coal":72,"minecraft:cobblestone":122},"minecraft:custom":{"minecraft:interact_with_furnace":47,"minecraft:mob_kills":11,"minecraft:interact_with_crafting_table":17,"minecraft:leave_game":1,"minecraft:time_since_death":45812,"minecraft:time_since_rest":45812,"minecraft:sprint_one_cm":110898,"minecraft:damage_taken":348,"minecraft:walk_one_cm":66595,"minecraft:damage_blocked_by_shield":177,"minecraft:drop":26,"minecraft:damage_dealt":1744,"minecraft:swim_one_cm":208,"minecraft:fly_one_cm":44407,"minecraft:crouch_one_cm":3524,"minecraft:play_time":45812,"minecraft:sneak_time":3068,"minecraft:walk_under_water_one_cm":158,"minecraft:jump":480,"minecraft:walk_on_water_one_cm":1791,"minecraft:total_world_time":45812,"minecraft:fall_one_cm":6771},"minecraft:dropped":{"minecraft:iron_ingot":1,"minecraft:diamond":8,"minecraft:cooked_porkchop":2,"minecraft:chicken":4,"minecraft:oak_planks":8,"minecraft:stick":2,"minecraft:stone_pickaxe":1},"minecraft:used":{"minecraft:diorite":3,"minecraft:stone_pickaxe":105,"minecraft:shield":6,"minecraft:wooden_pickaxe":9,"minecraft:cooked_chicken":2,"minecraft:rotten_flesh":4,"minecraft:iron_chestplate":1,"minecraft:torch":61,"minecraft:dirt":15,"minecraft:crafting_table":11,"minecraft:granite":10,"minecraft:diamond_pickaxe":2,"minecraft:muddy_mangrove_roots":1,"minecraft:iron_pickaxe":88,"minecraft:stone_axe":42,"minecraft:cobblestone":88,"minecraft:oak_sapling":1,"minecraft:furnace":7,"minecraft:cooked_porkchop":2,"minecraft:bucket":1,"minecraft:cobbled_deepslate":28,"minecraft:iron_leggings":1}},"DataVersion":3955}